{"nm":"Comp 1","mn":"","layers":[{"ty":4,"nm":"bg/help Outlines","mn":"","sr":1,"st":0,"op":101.000004113814,"ip":0,"hd":false,"cl":"","ln":"","ddd":0,"bm":0,"hasMask":false,"td":1,"ao":0,"ks":{"a":{"a":0,"k":[262.5,241,0],"ix":1},"s":{"a":0,"k":[100,100,100],"ix":6},"sk":{"a":0,"k":0},"p":{"a":0,"k":[262,354,0],"ix":2},"sa":{"a":0,"k":0},"o":{"a":0,"k":100,"ix":11},"r":{"a":0,"k":0,"ix":10}},"ef":[],"shapes":[{"ty":"gr","bm":0,"cl":"","ln":"","hd":false,"mn":"ADBE Vector Group","nm":"Group 1","ix":1,"cix":2,"np":2,"it":[{"ty":"sh","bm":0,"cl":"","ln":"","hd":false,"mn":"ADBE Vector Shape - Group","nm":"Path 1","ix":1,"d":1,"ks":{"a":0,"k":{"c":true,"i":[[11.72,-65.4],[40.2,-62.651],[0,0],[0,0],[-32.03,0.771],[-7.1,1.33],[-1.67,0.37],[-1.59,0.42],[-2.24,0.72],[-16.85,14.68],[-91.75,-25.16],[-1.84,-0.68],[-1.77,-0.799],[0,0],[0,0],[-0.42,-0.46],[-1.96,-2.409]],"o":[[-5.62,31.34],[0,0],[0,0],[45.4,27.67],[7.8,-0.189],[1.71,-0.309],[1.62,-0.359],[2.32,-0.609],[26.04,-8.24],[47.71,-41.559],[1.89,0.52],[1.81,0.659],[0,0],[0,0],[0.43,0.451],[2.05,2.21],[55.74,68.631]],"v":[[245.395,103.215],[172.665,240.515],[-261.875,240.515],[-261.875,-45.166],[-146.355,-8.596],[-124.005,-10.926],[-118.925,-11.956],[-114.115,-13.126],[-107.285,-15.115],[-43.515,-52.926],[158.195,-215.355],[163.785,-213.565],[169.155,-211.366],[171.725,-209.466],[198.845,-189.426],[200.115,-188.065],[206.135,-181.116]]},"ix":2}},{"ty":"fl","bm":0,"cl":"","ln":"","hd":false,"mn":"ADBE Vector Graphic - Fill","nm":"Fill 1","c":{"a":0,"k":[0.7451,0.5059,1],"ix":4},"r":1,"o":{"a":0,"k":100,"ix":5}},{"ty":"tr","a":{"a":0,"k":[0,0],"ix":1},"s":{"a":0,"k":[100,100],"ix":3},"sk":{"a":0,"k":0,"ix":4},"p":{"a":0,"k":[262.125,240.765],"ix":2},"r":{"a":0,"k":0,"ix":6},"sa":{"a":0,"k":0,"ix":5},"o":{"a":0,"k":100,"ix":7}}]}],"ind":1},{"ty":4,"nm":"hand/help Outlines","mn":"","sr":1,"st":0,"op":101.000004113814,"ip":0,"hd":false,"cl":"","ln":"","ddd":0,"bm":0,"tt":1,"hasMask":false,"ao":0,"ks":{"a":{"a":0,"k":[70.5,89.5,0],"ix":1},"s":{"a":0,"k":[100,100,100],"ix":6},"sk":{"a":0,"k":0},"p":{"a":1,"k":[{"o":{"x":0.483,"y":0},"i":{"x":0.339,"y":1},"s":[513,61,0],"t":32},{"o":{"x":0.167,"y":0.167},"i":{"x":0.833,"y":0.833},"s":[401,235,0],"t":77.0000031362743}],"ix":2},"sa":{"a":0,"k":0},"o":{"a":0,"k":100,"ix":11},"r":{"a":0,"k":0,"ix":10}},"ef":[],"shapes":[{"ty":"gr","bm":0,"cl":"","ln":"","hd":false,"mn":"ADBE Vector Group","nm":"Group 1","ix":1,"cix":2,"np":2,"it":[{"ty":"sh","bm":0,"cl":"","ln":"","hd":false,"mn":"ADBE Vector Shape - Group","nm":"Path 1","ix":1,"d":1,"ks":{"a":0,"k":{"c":true,"i":[[-0.882,-2.231],[0,0],[3.748,-0.702],[-0.338,0.778],[-0.272,1.66],[0,0],[0,0],[0,0],[0,0],[1.284,-4.812],[4.384,1.647],[-4.099,5.097],[-0.428,4.773],[-0.843,7.847],[13.58,-7.225],[6.797,4.89],[-5.733,1.699],[-17.835,10.195],[-11.285,5.098],[-5.02,16.798],[0,0],[-0.545,-0.597]],"o":[[1.699,4.345],[-16.343,70.718],[-3.749,0.687],[0.337,-0.727],[-1.206,5.383],[-7.549,7.082],[-1.128,3.398],[-11.051,7.121],[-0.856,-2.971],[-1.272,4.799],[-4.384,-1.647],[4.112,-5.098],[0.415,-4.787],[0.856,-7.861],[-13.594,7.212],[-6.797,-4.877],[5.733,-1.699],[17.836,-10.195],[8.107,-3.645],[0,0],[0.557,0.584],[-12.556,20.066]],"v":[[45.918,-17.894],[45.918,-1.446],[19.586,67.626],[16.681,59.778],[19.418,44.679],[7.51,76.055],[-1.505,74.356],[-5.176,81.906],[-15.656,75.913],[-12.97,59.219],[-28.678,81.906],[-29.25,66.575],[-19.366,36.041],[-18.846,14.911],[-35.826,2.173],[-63.428,0.889],[-57.487,-10.357],[-19.483,-27.764],[10.286,-38.387],[33.4,-89.027],[68.578,-63.032],[70.225,-61.269]]},"ix":2}},{"ty":"fl","bm":0,"cl":"","ln":"","hd":false,"mn":"ADBE Vector Graphic - Fill","nm":"Fill 1","c":{"a":0,"k":[1,0.5725,0.5765],"ix":4},"r":1,"o":{"a":0,"k":100,"ix":5}},{"ty":"tr","a":{"a":0,"k":[0,0],"ix":1},"s":{"a":0,"k":[100,100],"ix":3},"sk":{"a":0,"k":0,"ix":4},"p":{"a":0,"k":[70.476,89.276],"ix":2},"r":{"a":0,"k":0,"ix":6},"sa":{"a":0,"k":0,"ix":5},"o":{"a":0,"k":100,"ix":7}}]}],"ind":2},{"ty":4,"nm":"girl Outlines","mn":"","sr":1,"st":0,"op":101.000004113814,"ip":0,"hd":false,"cl":"","ln":"","ddd":0,"bm":0,"hasMask":false,"ao":0,"ks":{"a":{"a":0,"k":[158.5,180.5,0],"ix":1},"s":{"a":0,"k":[100,100,100],"ix":6},"sk":{"a":0,"k":0},"p":{"a":0,"k":[238,416,0],"ix":2},"sa":{"a":0,"k":0},"o":{"a":0,"k":100,"ix":11},"r":{"a":0,"k":0,"ix":10}},"ef":[],"shapes":[{"ty":"gr","bm":0,"cl":"","ln":"","hd":false,"mn":"ADBE Vector Group","nm":"Group 1","ix":1,"cix":2,"np":2,"it":[{"ty":"sh","bm":0,"cl":"","ln":"","hd":false,"mn":"ADBE Vector Shape - Group","nm":"Path 1","ix":1,"d":1,"ks":{"a":1,"k":[{"o":{"x":0.333,"y":0},"i":{"x":0.667,"y":1},"s":[{"c":true,"i":[[1.054,0.116],[1.274,-2.418],[0,0]],"o":[[0,0],[-1.273,2.42],[0,0]],"v":[[0.948,-7.174],[-4.729,-1.402],[1.765,3.82]]}],"t":36},{"o":{"x":0.167,"y":0.167},"i":{"x":0.833,"y":0.833},"s":[{"c":true,"i":[[1.054,0.116],[1.274,-2.418],[0,0]],"o":[[0,0],[-1.273,2.42],[0,0]],"v":[[4.948,-2.674],[-4.729,-1.402],[1.765,3.82]]}],"t":77.0000031362743}],"ix":2}},{"ty":"fl","bm":0,"cl":"","ln":"","hd":false,"mn":"ADBE Vector Graphic - Fill","nm":"Fill 1","c":{"a":0,"k":[1,0.5686,0.5804],"ix":4},"r":1,"o":{"a":0,"k":100,"ix":5}},{"ty":"tr","a":{"a":0,"k":[0,0],"ix":1},"s":{"a":0,"k":[100,100],"ix":3},"sk":{"a":0,"k":0,"ix":4},"p":{"a":0,"k":[263.098,201.718],"ix":2},"r":{"a":0,"k":0,"ix":6},"sa":{"a":0,"k":0,"ix":5},"o":{"a":0,"k":100,"ix":7}}]},{"ty":"gr","bm":0,"cl":"","ln":"","hd":false,"mn":"ADBE Vector Group","nm":"Group 2","ix":2,"cix":2,"np":2,"it":[{"ty":"sh","bm":0,"cl":"","ln":"","hd":false,"mn":"ADBE Vector Shape - Group","nm":"Path 1","ix":1,"d":1,"ks":{"a":1,"k":[{"o":{"x":0.333,"y":0},"i":{"x":0.667,"y":1},"s":[{"c":true,"i":[[5.255,-3.265],[0.763,-3.183],[-3.438,-1.4],[-1.019,1.528]],"o":[[0,0],[-0.765,3.183],[3.437,1.4],[1.018,-1.528]],"v":[[-0.117,-15.706],[-5.7,0.975],[-5.7,11.797],[2.013,8.443]]}],"t":36},{"o":{"x":0.167,"y":0.167},"i":{"x":0.833,"y":0.833},"s":[{"c":true,"i":[[5.255,-3.265],[0.763,-3.183],[-3.438,-1.4],[-1.019,1.528]],"o":[[0,0],[-0.765,3.183],[3.437,1.4],[1.018,-1.528]],"v":[[3.883,-11.206],[-5.7,0.975],[-5.7,11.797],[6.013,12.943]]}],"t":77.0000031362743}],"ix":2}},{"ty":"fl","bm":0,"cl":"","ln":"","hd":false,"mn":"ADBE Vector Graphic - Fill","nm":"Fill 1","c":{"a":0,"k":[1,0.5686,0.5804],"ix":4},"r":1,"o":{"a":0,"k":100,"ix":5}},{"ty":"tr","a":{"a":0,"k":[0,0],"ix":1},"s":{"a":0,"k":[100,100],"ix":3},"sk":{"a":0,"k":0,"ix":4},"p":{"a":0,"k":[263.581,208.637],"ix":2},"r":{"a":0,"k":0,"ix":6},"sa":{"a":0,"k":0,"ix":5},"o":{"a":0,"k":100,"ix":7}}]},{"ty":"gr","bm":0,"cl":"","ln":"","hd":false,"mn":"ADBE Vector Group","nm":"Group 3","ix":3,"cix":2,"np":2,"it":[{"ty":"sh","bm":0,"cl":"","ln":"","hd":false,"mn":"ADBE Vector Shape - Group","nm":"Path 1","ix":1,"d":1,"ks":{"a":0,"k":{"c":true,"i":[[-1.088,-4.275],[-4.609,-3.686],[0,0]],"o":[[-7.274,-3.653],[5.098,4.065],[0,0]],"v":[[9.512,9.095],[-4.903,-5.409],[7.191,1.266]]},"ix":2}},{"ty":"fl","bm":0,"cl":"","ln":"","hd":false,"mn":"ADBE Vector Graphic - Fill","nm":"Fill 1","c":{"a":0,"k":[0.9098,0.4549,0.4902],"ix":4},"r":1,"o":{"a":0,"k":100,"ix":5}},{"ty":"tr","a":{"a":0,"k":[0,0],"ix":1},"s":{"a":0,"k":[100,100],"ix":3},"sk":{"a":0,"k":0,"ix":4},"p":{"a":1,"k":[{"o":{"x":0.333,"y":0},"i":{"x":0.667,"y":1},"s":[160.425,101.166],"t":36},{"o":{"x":0.167,"y":0.167},"i":{"x":0.833,"y":0.833},"s":[151.925,95.166],"t":77.0000031362743}],"ix":2},"r":{"a":0,"k":0,"ix":6},"sa":{"a":0,"k":0,"ix":5},"o":{"a":0,"k":100,"ix":7}}]},{"ty":"gr","bm":0,"cl":"","ln":"","hd":false,"mn":"ADBE Vector Group","nm":"Group 4","ix":4,"cix":2,"np":2,"it":[{"ty":"sh","bm":0,"cl":"","ln":"","hd":false,"mn":"ADBE Vector Shape - Group","nm":"Path 1","ix":1,"d":1,"ks":{"a":1,"k":[{"o":{"x":0.333,"y":0},"i":{"x":0.667,"y":1},"s":[{"c":true,"i":[[0,0],[-33.274,-2.037],[-2.377,1.019],[-3.565,1.868],[0.339,2.597],[-1.359,-2.716],[0,0],[-6.452,4.244],[2.037,-2.207],[28.748,-7.178],[5.837,-4.414],[16.977,7.13],[1.443,35.141]],"o":[[0,0],[33.274,2.038],[2.377,-1.018],[3.565,-1.867],[-0.34,-2.596],[1.358,2.717],[0,0],[6.451,-4.244],[-2.038,2.207],[0,0],[-5.837,4.414],[-16.976,-7.13],[0,0]],"v":[[-49.401,-34.632],[-14.43,7.13],[35.82,8.318],[45.836,-1.528],[53.815,-12.852],[58.229,-13.751],[53.531,-6.197],[71.866,-9.763],[72.546,6.195],[40.404,23.937],[27.396,26.653],[-37.858,28.181],[-81.318,-35.311]]}],"t":36},{"o":{"x":0.167,"y":0.167},"i":{"x":0.833,"y":0.833},"s":[{"c":true,"i":[[0,0],[-33.274,-2.037],[-2.377,1.019],[-3.565,1.868],[0.339,2.597],[-1.359,-2.716],[0,0],[-6.452,4.244],[2.037,-2.207],[32.765,-2.038],[5.837,-4.414],[16.977,7.13],[1.443,35.141]],"o":[[0,0],[33.274,2.038],[2.377,-1.018],[3.565,-1.867],[-0.34,-2.596],[1.358,2.717],[0,0],[6.451,-4.244],[-2.038,2.207],[0,0],[-5.837,4.414],[-16.976,-7.13],[0,0]],"v":[[-49.401,-34.632],[-14.43,7.13],[35.82,8.318],[45.836,-1.528],[53.815,-12.852],[58.229,-13.751],[56.531,-1.697],[74.866,-5.263],[75.546,10.695],[40.404,23.937],[27.396,26.653],[-37.858,28.181],[-81.318,-35.311]]}],"t":77.0000031362743}],"ix":2}},{"ty":"fl","bm":0,"cl":"","ln":"","hd":false,"mn":"ADBE Vector Graphic - Fill","nm":"Fill 1","c":{"a":0,"k":[1,0.5686,0.5804],"ix":4},"r":1,"o":{"a":0,"k":100,"ix":5}},{"ty":"tr","a":{"a":0,"k":[0,0],"ix":1},"s":{"a":0,"k":[100,100],"ix":3},"sk":{"a":0,"k":0,"ix":4},"p":{"a":0,"k":[165.848,237.241],"ix":2},"r":{"a":0,"k":0,"ix":6},"sa":{"a":0,"k":0,"ix":5},"o":{"a":0,"k":100,"ix":7}}]},{"ty":"gr","bm":0,"cl":"","ln":"","hd":false,"mn":"ADBE Vector Group","nm":"Group 5","ix":5,"cix":2,"np":2,"it":[{"ty":"sh","bm":0,"cl":"","ln":"","hd":false,"mn":"ADBE Vector Shape - Group","nm":"Path 1","ix":1,"d":1,"ks":{"a":0,"k":{"c":true,"i":[[13.749,1.532],[2.754,2.154],[0,0],[-1.088,-4.275],[1.178,-2.61],[6.619,7.64],[1.188,2.71],[0.166,5.264],[-3.898,8.995],[0,0],[-7.13,4.409],[0,0],[-2.887,-13.749]],"o":[[0,0],[-0.056,-0.045],[0,0],[1.222,4.842],[-2.21,4.931],[0,0],[-1.188,-2.72],[0,0],[3.91,-8.995],[0,0],[7.129,-4.42],[0,0],[2.888,13.759]],"v":[[23.427,23.682],[14.842,20.695],[14.764,20.629],[17.086,28.458],[18.163,41.674],[-8.323,41.674],[-9.168,27.081],[-22.238,3.138],[-34.299,-6.025],[-23.427,-7.889],[-9.845,-28.09],[5.259,-49.314],[35.31,-27.59]]},"ix":2}},{"ty":"fl","bm":0,"cl":"","ln":"","hd":false,"mn":"ADBE Vector Graphic - Fill","nm":"Fill 1","c":{"a":0,"k":[1,0.5725,0.5765],"ix":4},"r":1,"o":{"a":0,"k":100,"ix":5}},{"ty":"tr","a":{"a":0,"k":[5.883,43.616],"ix":1},"s":{"a":0,"k":[100,100],"ix":3},"sk":{"a":0,"k":0,"ix":4},"p":{"a":0,"k":[149.851,121.803],"ix":2},"r":{"a":1,"k":[{"o":{"x":0.333,"y":0},"i":{"x":0.667,"y":1},"s":[29],"t":37},{"o":{"x":0.167,"y":0.167},"i":{"x":0.833,"y":0.833},"s":[0],"t":77.0000031362743}],"ix":6},"sa":{"a":0,"k":0,"ix":5},"o":{"a":0,"k":100,"ix":7}}]},{"ty":"gr","bm":0,"cl":"","ln":"","hd":false,"mn":"ADBE Vector Group","nm":"Group 6","ix":6,"cix":2,"np":2,"it":[{"ty":"sh","bm":0,"cl":"","ln":"","hd":false,"mn":"ADBE Vector Shape - Group","nm":"Path 1","ix":1,"d":1,"ks":{"a":0,"k":{"c":true,"i":[[-72.15,-1.465],[-3.819,-19.225],[0,0],[1.655,0.892],[14.26,-4.456],[24.446,-49.656],[4.456,-1.145],[-0.255,-8.148],[2.376,9.507],[0,0],[0,0],[-10.186,8.149]],"o":[[0,0],[3.82,19.227],[0,0],[-1.656,-0.892],[-14.26,4.457],[0,0],[-4.457,1.147],[0.255,8.149],[-2.377,-9.507],[0,0],[0,0],[10.186,-8.148]],"v":[[21.199,-94.006],[72.764,-63.428],[77.094,-34.652],[72.383,-28.923],[49.719,-32.234],[-24.383,54.728],[-31.385,66.314],[-64.108,87.323],[-67.927,10.675],[-73.699,-12.413],[-77.094,-12.413],[-65.89,-66.399]]},"ix":2}},{"ty":"fl","bm":0,"cl":"","ln":"","hd":false,"mn":"ADBE Vector Graphic - Fill","nm":"Fill 1","c":{"a":0,"k":[1,1,1],"ix":4},"r":1,"o":{"a":0,"k":100,"ix":5}},{"ty":"tr","a":{"a":0,"k":[-50.274,64.285],"ix":1},"s":{"a":0,"k":[100,100],"ix":3},"sk":{"a":0,"k":0,"ix":4},"p":{"a":0,"k":[110.231,280.344],"ix":2},"r":{"a":1,"k":[{"o":{"x":0.333,"y":0},"i":{"x":0.667,"y":1},"s":[-5],"t":36},{"o":{"x":0.167,"y":0.167},"i":{"x":0.833,"y":0.833},"s":[0],"t":77.0000031362743}],"ix":6},"sa":{"a":0,"k":0,"ix":5},"o":{"a":0,"k":100,"ix":7}}]},{"ty":"gr","bm":0,"cl":"","ln":"","hd":false,"mn":"ADBE Vector Group","nm":"Group 7","ix":7,"cix":2,"np":2,"it":[{"ty":"sh","bm":0,"cl":"","ln":"","hd":false,"mn":"ADBE Vector Shape - Group","nm":"Path 1","ix":1,"d":1,"ks":{"a":0,"k":{"c":true,"i":[[-8.63,2.292],[-13.581,-28.181],[-20.711,-25.125],[1.019,-18.335],[0,0],[23.629,21.446],[0,0],[5.603,11.204],[-5.602,13.751],[1.019,9.676],[-21.391,2.547],[-3.565,9.676],[-3.056,5.601],[-9.677,1.528]],"o":[[0,0],[13.581,28.181],[20.711,25.125],[-1.018,18.334],[0,0],[-20.63,-18.725],[0,0],[-5.602,-11.204],[5.602,-13.751],[-1.018,-9.677],[21.39,-2.546],[3.565,-9.676],[3.056,-5.603],[9.676,-1.527]],"v":[[12.478,-85.222],[52.627,-69.179],[71.98,-22.662],[65.529,19.438],[65.529,39.809],[22.749,43.205],[-55.003,97.359],[-87.089,80.045],[-80.468,53.051],[-83.015,17.402],[-58.568,-11.628],[-32.085,-18.249],[-29.539,-61.538],[-8.148,-80.893]]},"ix":2}},{"ty":"fl","bm":0,"cl":"","ln":"","hd":false,"mn":"ADBE Vector Graphic - Fill","nm":"Fill 1","c":{"a":0,"k":[0.0196,0.0078,0.3412],"ix":4},"r":1,"o":{"a":0,"k":100,"ix":5}},{"ty":"tr","a":{"a":0,"k":[0,0],"ix":1},"s":{"a":0,"k":[100,100],"ix":3},"sk":{"a":0,"k":0,"ix":4},"p":{"a":0,"k":[145.307,97.609],"ix":2},"r":{"a":1,"k":[{"o":{"x":0.333,"y":0},"i":{"x":0.667,"y":1},"s":[4],"t":36},{"o":{"x":0.167,"y":0.167},"i":{"x":0.833,"y":0.833},"s":[-20],"t":76.0000030955435}],"ix":6},"sa":{"a":0,"k":0,"ix":5},"o":{"a":0,"k":100,"ix":7}}]},{"ty":"gr","bm":0,"cl":"","ln":"","hd":false,"mn":"ADBE Vector Group","nm":"Group 8","ix":8,"cix":2,"np":2,"it":[{"ty":"sh","bm":0,"cl":"","ln":"","hd":false,"mn":"ADBE Vector Shape - Group","nm":"Path 1","ix":1,"d":1,"ks":{"a":1,"k":[{"o":{"x":0.333,"y":0},"i":{"x":0.667,"y":1},"s":[{"c":true,"i":[[0,0],[-39.725,2.801],[0,0],[-3.566,0],[0,0],[60.606,11.968]],"o":[[0,0],[39.725,-2.801],[0,0],[3.565,0],[0,0],[-60.606,-11.969]],"v":[[-84.67,38.706],[-45.709,95.747],[4.434,47.091],[6.217,76.121],[52.817,74.338],[24.828,-86.579]]}],"t":36},{"o":{"x":0.167,"y":0.167},"i":{"x":0.833,"y":0.833},"s":[{"c":true,"i":[[0,0],[-39.725,2.801],[0,0],[-3.566,0],[0,0],[60.606,11.968]],"o":[[0,0],[39.725,-2.801],[0,0],[3.565,0],[0,0],[-60.606,-11.969]],"v":[[-84.67,38.706],[-45.709,95.747],[16.934,46.091],[18.717,75.121],[65.317,73.338],[24.828,-86.579]]}],"t":77.0000031362743}],"ix":2}},{"ty":"fl","bm":0,"cl":"","ln":"","hd":false,"mn":"ADBE Vector Graphic - Fill","nm":"Fill 1","c":{"a":0,"k":[0.6863,0.3922,1],"ix":4},"r":1,"o":{"a":0,"k":100,"ix":5}},{"ty":"tr","a":{"a":0,"k":[0,0],"ix":1},"s":{"a":0,"k":[100,100],"ix":3},"sk":{"a":0,"k":0,"ix":4},"p":{"a":0,"k":[180.066,253.029],"ix":2},"r":{"a":0,"k":0,"ix":6},"sa":{"a":0,"k":0,"ix":5},"o":{"a":0,"k":100,"ix":7}}]},{"ty":"gr","bm":0,"cl":"","ln":"","hd":false,"mn":"ADBE Vector Group","nm":"Group 9","ix":9,"cix":2,"np":2,"it":[{"ty":"sh","bm":0,"cl":"","ln":"","hd":false,"mn":"ADBE Vector Shape - Group","nm":"Path 1","ix":1,"d":1,"ks":{"a":1,"k":[{"o":{"x":0.333,"y":0},"i":{"x":0.667,"y":1},"s":[{"c":true,"i":[[0,0],[-16.552,-16.298],[0,0],[17.316,1.783],[0,0],[39.925,11.714],[0,0],[0,0]],"o":[[0,0],[16.552,16.297],[0,0],[-17.316,-1.782],[0,0],[0,0],[0,0],[0,0]],"v":[[16.813,-70.919],[49.211,-83.785],[48.643,69.117],[11.464,62.751],[-19.348,64.279],[-67.763,81.868],[-37.66,24.573],[4.102,-22.791]]}],"t":36},{"o":{"x":0.167,"y":0.167},"i":{"x":0.833,"y":0.833},"s":[{"c":true,"i":[[0,0],[-16.552,-16.298],[0,0],[17.316,1.783],[0,0],[39.925,11.714],[0,0],[0,0]],"o":[[0,0],[16.552,16.297],[0,0],[-17.316,-1.782],[0,0],[0,0],[0,0],[0,0]],"v":[[16.813,-70.919],[51.211,-77.285],[61.143,68.117],[23.964,61.751],[-6.848,63.279],[-67.763,81.868],[-37.66,24.573],[4.102,-22.791]]}],"t":77.0000031362743}],"ix":2}},{"ty":"fl","bm":0,"cl":"","ln":"","hd":false,"mn":"ADBE Vector Graphic - Fill","nm":"Fill 1","c":{"a":0,"k":[0.5804,0.1882,1],"ix":4},"r":1,"o":{"a":0,"k":100,"ix":5}},{"ty":"tr","a":{"a":0,"k":[0,0],"ix":1},"s":{"a":0,"k":[100,100],"ix":3},"sk":{"a":0,"k":0,"ix":4},"p":{"a":0,"k":[208.432,262.578],"ix":2},"r":{"a":0,"k":0,"ix":6},"sa":{"a":0,"k":0,"ix":5},"o":{"a":0,"k":100,"ix":7}}]},{"ty":"gr","bm":0,"cl":"","ln":"","hd":false,"mn":"ADBE Vector Group","nm":"Group 10","ix":10,"cix":2,"np":2,"it":[{"ty":"sh","bm":0,"cl":"","ln":"","hd":false,"mn":"ADBE Vector Shape - Group","nm":"Path 1","ix":1,"d":1,"ks":{"a":1,"k":[{"o":{"x":0.333,"y":0},"i":{"x":0.667,"y":1},"s":[{"c":true,"i":[[0,0],[-3.565,-1.527],[-8.53,4.711],[0,0],[0.637,1.91],[0,0]],"o":[[0,0],[3.565,1.529],[8.531,-4.711],[0,0],[-0.637,-1.91],[0,0]],"v":[[-28.924,-11.096],[-29.562,8.511],[-0.404,10.295],[3.416,4.437],[-8.044,2.4],[-8.553,-13.006]]}],"t":36},{"o":{"x":0.167,"y":0.167},"i":{"x":0.833,"y":0.833},"s":[{"c":true,"i":[[0,0],[-3.565,-1.527],[-8.53,4.711],[0,0],[0.637,1.91],[0,0]],"o":[[0,0],[3.565,1.529],[8.531,-4.711],[0,0],[-0.637,-1.91],[0,0]],"v":[[-16.424,-12.096],[-17.062,7.511],[12.096,9.295],[15.916,3.437],[4.456,1.4],[3.947,-14.006]]}],"t":77.0000031362743}],"ix":2}},{"ty":"fl","bm":0,"cl":"","ln":"","hd":false,"mn":"ADBE Vector Graphic - Fill","nm":"Fill 1","c":{"a":0,"k":[0.9882,0.5843,0.5608],"ix":4},"r":1,"o":{"a":0,"k":100,"ix":5}},{"ty":"tr","a":{"a":0,"k":[0,0],"ix":1},"s":{"a":0,"k":[100,100],"ix":3},"sk":{"a":0,"k":0,"ix":4},"p":{"a":0,"k":[226.794,335.917],"ix":2},"r":{"a":0,"k":0,"ix":6},"sa":{"a":0,"k":0,"ix":5},"o":{"a":0,"k":100,"ix":7}}]},{"ty":"gr","bm":0,"cl":"","ln":"","hd":false,"mn":"ADBE Vector Group","nm":"Group 11","ix":11,"cix":2,"np":2,"it":[{"ty":"sh","bm":0,"cl":"","ln":"","hd":false,"mn":"ADBE Vector Shape - Group","nm":"Path 1","ix":1,"d":1,"ks":{"a":1,"k":[{"o":{"x":0.333,"y":0},"i":{"x":0.667,"y":1},"s":[{"c":true,"i":[[0.382,1.4],[0.255,-2.164],[-1.92,-1.146],[-6.494,0.764],[2.419,3.183],[7.003,-2.674]],"o":[[0,0],[-0.255,2.166],[1.92,1.146],[6.493,-0.763],[-2.419,-3.183],[-7.003,2.674]],"v":[[-39.482,-7.912],[-42.538,-2.183],[-43.312,9.404],[19.746,10.823],[17.813,5.075],[-10.58,-7.912]]}],"t":36},{"o":{"x":0.167,"y":0.167},"i":{"x":0.833,"y":0.833},"s":[{"c":true,"i":[[0.382,1.4],[0.255,-2.164],[-1.92,-1.146],[-6.494,0.764],[2.419,3.183],[7.003,-2.674]],"o":[[0,0],[-0.255,2.166],[1.92,1.146],[6.493,-0.763],[-2.419,-3.183],[-7.003,2.674]],"v":[[-26.982,-8.912],[-30.038,-3.183],[-30.812,8.404],[19.746,10.823],[30.313,4.075],[1.92,-8.912]]}],"t":77.0000031362743}],"ix":2}},{"ty":"fl","bm":0,"cl":"","ln":"","hd":false,"mn":"ADBE Vector Graphic - Fill","nm":"Fill 1","c":{"a":0,"k":[1,0.2706,0.2392],"ix":4},"r":1,"o":{"a":0,"k":100,"ix":5}},{"ty":"tr","a":{"a":0,"k":[0,0],"ix":1},"s":{"a":0,"k":[100,100],"ix":3},"sk":{"a":0,"k":0,"ix":4},"p":{"a":0,"k":[236.587,348.648],"ix":2},"r":{"a":0,"k":0,"ix":6},"sa":{"a":0,"k":0,"ix":5},"o":{"a":0,"k":100,"ix":7}}]},{"ty":"gr","bm":0,"cl":"","ln":"","hd":false,"mn":"ADBE Vector Group","nm":"Group 12","ix":12,"cix":2,"np":2,"it":[{"ty":"sh","bm":0,"cl":"","ln":"","hd":false,"mn":"ADBE Vector Shape - Group","nm":"Path 1","ix":1,"d":1,"ks":{"a":1,"k":[{"o":{"x":0.333,"y":0},"i":{"x":0.667,"y":1},"s":[{"c":true,"i":[[0,0],[-2.149,-1.018],[0,0],[-2.419,7.012],[1.274,1.782],[-2.546,4.584]],"o":[[0,0],[2.149,1.019],[0,0],[0,0],[-1.273,-1.782],[2.547,-4.584]],"v":[[-29.307,-10.204],[-29.307,16.661],[-12.77,11.567],[6.456,5.084],[-5.004,1.637],[-7.423,-11.096]]}],"t":36},{"o":{"x":0.167,"y":0.167},"i":{"x":0.833,"y":0.833},"s":[{"c":true,"i":[[0,0],[-2.149,-1.018],[0,0],[-2.419,7.012],[1.274,1.782],[-2.546,4.584]],"o":[[0,0],[2.149,1.019],[0,0],[0,0],[-1.273,-1.782],[2.547,-4.584]],"v":[[-16.807,-11.204],[-16.807,15.661],[-0.27,10.567],[18.956,4.084],[7.496,0.637],[5.077,-12.096]]}],"t":77.0000031362743}],"ix":2}},{"ty":"fl","bm":0,"cl":"","ln":"","hd":false,"mn":"ADBE Vector Graphic - Fill","nm":"Fill 1","c":{"a":0,"k":[0.9647,0.5451,0.549],"ix":4},"r":1,"o":{"a":0,"k":100,"ix":5}},{"ty":"tr","a":{"a":0,"k":[0,0],"ix":1},"s":{"a":0,"k":[100,100],"ix":3},"sk":{"a":0,"k":0,"ix":4},"p":{"a":0,"k":[253.038,335.279],"ix":2},"r":{"a":0,"k":0,"ix":6},"sa":{"a":0,"k":0,"ix":5},"o":{"a":0,"k":100,"ix":7}}]},{"ty":"gr","bm":0,"cl":"","ln":"","hd":false,"mn":"ADBE Vector Group","nm":"Group 13","ix":13,"cix":2,"np":2,"it":[{"ty":"sh","bm":0,"cl":"","ln":"","hd":false,"mn":"ADBE Vector Shape - Group","nm":"Path 1","ix":1,"d":1,"ks":{"a":1,"k":[{"o":{"x":0.333,"y":0},"i":{"x":0.667,"y":1},"s":[{"c":true,"i":[[0,0],[-6.111,-9.04],[2.674,0.637],[0,0],[0,0]],"o":[[0,0],[6.112,9.04],[-2.674,-0.637],[0,0],[0,0]],"v":[[-20.203,-8.99],[6.28,1.95],[-16.106,8.335],[-37.392,0.518],[-32.299,-7.726]]}],"t":36},{"o":{"x":0.167,"y":0.167},"i":{"x":0.833,"y":0.833},"s":[{"c":true,"i":[[0,0],[-6.111,-9.04],[2.674,0.637],[0,0],[0,0]],"o":[[0,0],[6.112,9.04],[-2.674,-0.637],[0,0],[0,0]],"v":[[-7.703,-9.99],[18.78,0.95],[-16.106,8.335],[-24.892,-0.482],[-19.799,-8.726]]}],"t":77.0000031362743}],"ix":2}},{"ty":"fl","bm":0,"cl":"","ln":"","hd":false,"mn":"ADBE Vector Graphic - Fill","nm":"Fill 1","c":{"a":0,"k":[0.9569,0.4314,0.4314],"ix":4},"r":1,"o":{"a":0,"k":100,"ix":5}},{"ty":"tr","a":{"a":0,"k":[0,0],"ix":1},"s":{"a":0,"k":[100,100],"ix":3},"sk":{"a":0,"k":0,"ix":4},"p":{"a":0,"k":[275.877,349.354],"ix":2},"r":{"a":0,"k":0,"ix":6},"sa":{"a":0,"k":0,"ix":5},"o":{"a":0,"k":100,"ix":7}}]},{"ty":"gr","bm":0,"cl":"","ln":"","hd":false,"mn":"ADBE Vector Group","nm":"Group 15","ix":15,"cix":2,"np":2,"it":[{"ty":"sh","bm":0,"cl":"","ln":"","hd":false,"mn":"ADBE Vector Shape - Group","nm":"Path 1","ix":1,"d":1,"ks":{"a":0,"k":{"c":true,"i":[[0,-20.47],[0.4,-1.119],[0,0],[0,1.146],[-79.64,0]],"o":[[0,1.146],[0,0],[-0.4,-1.119],[0,-20.47],[79.64,0]],"v":[[144.205,16.823],[143.605,20.233],[-143.605,20.233],[-144.205,16.823],[-0.005,-20.234]]},"ix":2}},{"ty":"fl","bm":0,"cl":"","ln":"","hd":false,"mn":"ADBE Vector Graphic - Fill","nm":"Fill 1","c":{"a":0,"k":[0.1608,0,0.3333],"ix":4},"r":1,"o":{"a":0,"k":100,"ix":5}},{"ty":"tr","a":{"a":0,"k":[0,0],"ix":1},"s":{"a":0,"k":[100,100],"ix":3},"sk":{"a":0,"k":0,"ix":4},"p":{"a":0,"k":[171.995,339.144],"ix":2},"r":{"a":0,"k":0,"ix":6},"sa":{"a":0,"k":0,"ix":5},"o":{"a":0,"k":100,"ix":7}}]}],"ind":3},{"ty":4,"nm":"leaves/help Outlines","mn":"","sr":1,"st":0,"op":101.000004113814,"ip":0,"hd":false,"cl":"","ln":"","ddd":0,"bm":0,"hasMask":false,"ao":0,"ks":{"a":{"a":0,"k":[196.5,267.5,0],"ix":1},"s":{"a":1,"k":[{"o":{"x":0.333,"y":0},"i":{"x":0.667,"y":1},"s":[0,0,100],"t":0},{"o":{"x":0.333,"y":0},"i":{"x":0.667,"y":1},"s":[110,110,100],"t":34},{"o":{"x":0.167,"y":0.167},"i":{"x":0.833,"y":0.833},"s":[100,100,100],"t":41.0000016699642}],"ix":6},"sk":{"a":0,"k":0},"p":{"a":0,"k":[252,592,0],"ix":2},"sa":{"a":0,"k":0},"o":{"a":0,"k":100,"ix":11},"r":{"a":0,"k":0,"ix":10}},"ef":[],"shapes":[{"ty":"gr","bm":0,"cl":"","ln":"","hd":false,"mn":"ADBE Vector Group","nm":"Group 1","ix":1,"cix":2,"np":2,"it":[{"ty":"sh","bm":0,"cl":"","ln":"","hd":false,"mn":"ADBE Vector Shape - Group","nm":"Path 1","ix":1,"d":1,"ks":{"a":0,"k":{"c":true,"i":[[0,0],[0.67,1.45],[0.03,0.061],[0.91,2.03],[0.48,1.1],[0.06,0.15],[0.62,1.431],[0.65,1.551],[0.6,1.46],[0.09,0.211],[0.49,1.24],[0.11,0.301],[0.57,1.469],[0.59,1.571],[0.18,0.49],[0.5,1.339],[0.43,1.189],[0.42,1.18],[0.38,1.1],[0.42,1.21],[0.42,1.21],[0.06,0.17],[0.52,1.58],[0.52,1.589],[0.38,1.191],[0.43,1.39],[0.66,2.18],[0.47,1.58],[0.42,1.44],[0.48,1.71],[0.34,1.241],[0.58,2.13],[0.75,2.86],[1.47,6.06],[0.52,2.25],[0.34,1.491],[0.33,1.451],[0.15,0.689],[0.25,1.141],[0.24,1.111],[0.24,1.13],[0.91,4.521],[0.13,0.64],[0.25,1.269],[0.47,2.47],[0.23,1.221],[0.11,0.6],[0.42,2.34],[0.31,1.739],[0.18,1.021],[0.22,1.349],[0.15,0.911],[0.08,0.54],[0.08,0.531],[0.11,0.71],[0.44,2.889],[0.14,0.93],[0,0],[0.11,0.73],[0.2,1.399],[0.06,0.439],[0.06,0.43],[0.1,0.739],[0.01,0.101],[0.19,1.42],[0.07,0.56],[0.1,0.781],[0.77,0.29],[0.95,-6.69],[0.31,-2.33],[-62.89,-41.37]],"o":[[-0.68,-1.44],[-0.03,-0.061],[-0.93,-2.009],[-0.49,-1.101],[-0.07,-0.15],[-0.63,-1.431],[-0.66,-1.54],[-0.61,-1.449],[-0.08,-0.2],[-0.5,-1.239],[-0.13,-0.291],[-0.59,-1.46],[-0.61,-1.56],[-0.19,-0.489],[-0.51,-1.33],[-0.43,-1.18],[-0.43,-1.18],[-0.4,-1.101],[-0.43,-1.221],[-0.42,-1.22],[-0.05,-0.171],[-0.54,-1.58],[-0.53,-1.589],[-0.39,-1.19],[-0.45,-1.389],[-0.69,-2.181],[-0.48,-1.58],[-0.43,-1.441],[-0.5,-1.71],[-0.36,-1.25],[-0.61,-2.139],[-0.79,-2.88],[-1.64,-6.191],[-0.56,-2.27],[-0.36,-1.49],[-0.34,-1.469],[-0.16,-0.689],[-0.26,-1.151],[-0.25,-1.109],[-0.25,-1.13],[-1.01,-4.691],[-0.13,-0.649],[-0.26,-1.29],[-0.5,-2.53],[-0.23,-1.24],[-0.12,-0.609],[-0.45,-2.42],[-0.32,-1.79],[-0.18,-1.04],[-0.23,-1.38],[-0.16,-0.92],[-0.09,-0.54],[-0.09,-0.53],[-0.12,-0.729],[-0.5,-3.09],[-0.15,-0.95],[0,0],[-0.11,-0.75],[-0.22,-1.47],[-0.06,-0.45],[-0.06,-0.441],[-0.11,-0.761],[-0.01,-0.101],[-0.21,-1.519],[-0.08,-0.589],[-0.11,-0.821],[-0.77,-0.309],[0,0],[-0.26,1.89],[-6.75,51.11],[0,0]],"v":[[48.09,130.96],[46.06,126.63],[45.97,126.439],[43.2,120.38],[41.74,117.08],[41.54,116.62],[39.67,112.319],[37.71,107.699],[35.9,103.33],[35.64,102.699],[34.15,98.98],[33.8,98.109],[32.07,93.72],[30.26,89.029],[29.7,87.56],[28.2,83.56],[26.9,80.01],[25.62,76.46],[24.45,73.16],[23.17,69.52],[21.91,65.87],[21.74,65.359],[20.15,60.609],[18.58,55.85],[17.43,52.279],[16.11,48.12],[14.09,41.58],[12.66,36.84],[11.38,32.52],[9.9,27.39],[8.84,23.649],[7.06,17.25],[4.75,8.64],[0.09,-9.75],[-1.53,-16.53],[-2.58,-21.011],[-3.59,-25.391],[-4.05,-27.45],[-4.82,-30.891],[-5.55,-34.221],[-6.29,-37.61],[-9.17,-51.431],[-9.56,-53.37],[-10.32,-57.2],[-11.77,-64.71],[-12.46,-68.391],[-12.8,-70.21],[-14.1,-77.36],[-15.04,-82.67],[-15.57,-85.761],[-16.26,-89.86],[-16.72,-92.601],[-16.98,-94.21],[-17.24,-95.811],[-17.59,-97.98],[-18.99,-106.95],[-19.42,-109.77],[-19.42,-109.801],[-19.75,-112.02],[-20.38,-116.33],[-20.57,-117.66],[-20.75,-118.96],[-21.07,-121.21],[-21.11,-121.511],[-21.71,-125.931],[-21.94,-127.65],[-22.26,-130.061],[-24.58,-130.96],[-26.19,-120.48],[-27.05,-114.15],[14.8,130.96]]},"ix":2}},{"ty":"fl","bm":0,"cl":"","ln":"","hd":false,"mn":"ADBE Vector Graphic - Fill","nm":"Fill 1","c":{"a":0,"k":[0.3098,0,0.6392],"ix":4},"r":1,"o":{"a":0,"k":100,"ix":5}},{"ty":"tr","a":{"a":0,"k":[0,0],"ix":1},"s":{"a":0,"k":[100,100],"ix":3},"sk":{"a":0,"k":0,"ix":4},"p":{"a":0,"k":[88.777,131.21],"ix":2},"r":{"a":0,"k":0,"ix":6},"sa":{"a":0,"k":0,"ix":5},"o":{"a":0,"k":100,"ix":7}}]},{"ty":"gr","bm":0,"cl":"","ln":"","hd":false,"mn":"ADBE Vector Group","nm":"Group 2","ix":2,"cix":2,"np":2,"it":[{"ty":"sh","bm":0,"cl":"","ln":"","hd":false,"mn":"ADBE Vector Shape - Group","nm":"Path 1","ix":1,"d":1,"ks":{"a":0,"k":{"c":true,"i":[[1.93,-10.641],[0,0],[0.67,1.45],[0.03,0.061],[0.91,2.03],[0.48,1.1],[0.06,0.15],[0.62,1.431],[0.65,1.551],[0.6,1.46],[0.09,0.211],[0.49,1.24],[0.111,0.301],[0.57,1.469],[0.59,1.571],[0.18,0.49],[0.5,1.339],[0.43,1.189],[0.42,1.18],[0.38,1.1],[0.419,1.21],[0.42,1.21],[0.059,0.17],[0.52,1.58],[0.52,1.589],[0.38,1.191],[0.43,1.39],[0.661,2.18],[0.47,1.58],[0.419,1.44],[0.48,1.71],[0.341,1.241],[0.58,2.13],[0.75,2.86],[1.471,6.06],[0.52,2.25],[0.34,1.491],[0.33,1.451],[0.15,0.689],[0.25,1.141],[0.24,1.111],[0.24,1.13],[0.91,4.521],[0.13,0.64],[0.25,1.269],[0.47,2.47],[0.23,1.221],[0.11,0.6],[0.42,2.34],[0.31,1.739],[0.18,1.021],[0.22,1.349],[0.15,0.911],[0.08,0.54],[0.079,0.531],[0.11,0.719],[0.44,2.889],[0.06,0.399],[0.08,0.54],[0,0],[0.081,0.519],[0.03,0.209],[0.2,1.399],[0.06,0.439],[0.06,0.43],[0.1,0.739],[0.01,0.101],[0.19,1.42],[0.07,0.56],[0.099,0.781],[-4.13,-1.881],[-3.95,-2.08]],"o":[[0,0],[-0.679,-1.44],[-0.03,-0.061],[-0.93,-2.009],[-0.49,-1.101],[-0.07,-0.15],[-0.63,-1.431],[-0.66,-1.54],[-0.61,-1.449],[-0.08,-0.2],[-0.5,-1.239],[-0.13,-0.291],[-0.589,-1.46],[-0.61,-1.56],[-0.19,-0.489],[-0.51,-1.33],[-0.43,-1.18],[-0.43,-1.18],[-0.4,-1.101],[-0.43,-1.221],[-0.42,-1.22],[-0.05,-0.171],[-0.54,-1.58],[-0.53,-1.589],[-0.39,-1.19],[-0.45,-1.389],[-0.69,-2.181],[-0.479,-1.58],[-0.43,-1.441],[-0.5,-1.71],[-0.36,-1.25],[-0.609,-2.139],[-0.79,-2.88],[-1.64,-6.191],[-0.559,-2.27],[-0.36,-1.49],[-0.34,-1.469],[-0.16,-0.689],[-0.26,-1.151],[-0.25,-1.109],[-0.25,-1.13],[-1.01,-4.691],[-0.13,-0.649],[-0.26,-1.29],[-0.5,-2.53],[-0.23,-1.24],[-0.12,-0.609],[-0.45,-2.42],[-0.32,-1.79],[-0.18,-1.04],[-0.23,-1.38],[-0.16,-0.92],[-0.09,-0.54],[-0.09,-0.53],[-0.12,-0.729],[-0.5,-3.09],[-0.07,-0.41],[-0.08,-0.54],[0,0],[-0.08,-0.529],[-0.029,-0.22],[-0.22,-1.47],[-0.06,-0.45],[-0.06,-0.441],[-0.11,-0.761],[-0.01,-0.101],[-0.21,-1.519],[-0.08,-0.589],[-0.11,-0.821],[4.4,1.71],[4.22,1.909],[138.21,72.731]],"v":[[52,130.51],[-11.271,130.51],[-13.3,126.181],[-13.39,125.99],[-16.16,119.931],[-17.62,116.631],[-17.82,116.171],[-19.69,111.87],[-21.65,107.25],[-23.46,102.881],[-23.72,102.25],[-25.21,98.531],[-25.561,97.66],[-27.29,93.271],[-29.1,88.579],[-29.66,87.111],[-31.16,83.111],[-32.46,79.561],[-33.74,76.01],[-34.91,72.711],[-36.19,69.071],[-37.45,65.421],[-37.62,64.91],[-39.21,60.16],[-40.78,55.4],[-41.93,51.829],[-43.25,47.671],[-45.271,41.131],[-46.7,36.391],[-47.98,32.07],[-49.46,26.941],[-50.521,23.2],[-52.3,16.801],[-54.61,8.191],[-59.271,-10.199],[-60.89,-16.979],[-61.94,-21.46],[-62.95,-25.84],[-63.41,-27.9],[-64.18,-31.34],[-64.91,-34.671],[-65.65,-38.06],[-68.53,-51.88],[-68.92,-53.819],[-69.68,-57.65],[-71.13,-65.159],[-71.82,-68.84],[-72.16,-70.659],[-73.46,-77.81],[-74.4,-83.12],[-74.93,-86.21],[-75.62,-90.31],[-76.08,-93.051],[-76.34,-94.659],[-76.6,-96.26],[-76.95,-98.43],[-78.35,-107.4],[-78.54,-108.609],[-78.78,-110.219],[-78.78,-110.25],[-79.021,-111.819],[-79.11,-112.469],[-79.74,-116.779],[-79.93,-118.109],[-80.11,-119.409],[-80.43,-121.659],[-80.47,-121.96],[-81.07,-126.38],[-81.3,-128.099],[-81.62,-130.51],[-68.83,-125.12],[-56.59,-119.13]]},"ix":2}},{"ty":"fl","bm":0,"cl":"","ln":"","hd":false,"mn":"ADBE Vector Graphic - Fill","nm":"Fill 1","c":{"a":0,"k":[0.702,0.3647,1],"ix":4},"r":1,"o":{"a":0,"k":100,"ix":5}},{"ty":"tr","a":{"a":0,"k":[0,0],"ix":1},"s":{"a":0,"k":[100,100],"ix":3},"sk":{"a":0,"k":0,"ix":4},"p":{"a":0,"k":[148.138,131.66],"ix":2},"r":{"a":0,"k":0,"ix":6},"sa":{"a":0,"k":0,"ix":5},"o":{"a":0,"k":100,"ix":7}}]},{"ty":"gr","bm":0,"cl":"","ln":"","hd":false,"mn":"ADBE Vector Group","nm":"Group 3","ix":3,"cix":2,"np":2,"it":[{"ty":"sh","bm":0,"cl":"","ln":"","hd":false,"mn":"ADBE Vector Shape - Group","nm":"Path 1","ix":1,"d":1,"ks":{"a":0,"k":{"c":true,"i":[[34.008,-47.027],[0,0],[-1.905,21.201]],"o":[[0,0],[25.92,-54.188],[-16.155,30.719]],"v":[[-50.344,86.156],[12.608,86.156],[50.344,-86.156]]},"ix":2}},{"ty":"fl","bm":0,"cl":"","ln":"","hd":false,"mn":"ADBE Vector Graphic - Fill","nm":"Fill 1","c":{"a":0,"k":[0.3098,0,0.6392],"ix":4},"r":1,"o":{"a":0,"k":100,"ix":5}},{"ty":"tr","a":{"a":0,"k":[0,0],"ix":1},"s":{"a":0,"k":[100,100],"ix":3},"sk":{"a":0,"k":0,"ix":4},"p":{"a":0,"k":[321.242,176.01],"ix":2},"r":{"a":0,"k":0,"ix":6},"sa":{"a":0,"k":0,"ix":5},"o":{"a":0,"k":100,"ix":7}}]},{"ty":"gr","bm":0,"cl":"","ln":"","hd":false,"mn":"ADBE Vector Group","nm":"Group 4","ix":4,"cix":2,"np":2,"it":[{"ty":"sh","bm":0,"cl":"","ln":"","hd":false,"mn":"ADBE Vector Shape - Group","nm":"Path 1","ix":1,"d":1,"ks":{"a":0,"k":{"c":true,"i":[[0,0],[-0.229,-0.308],[0,0],[-16.155,30.72],[0,0]],"o":[[0.229,0.32],[0,0],[34.008,-47.027],[0.241,-2.703],[-180.926,-21.15]],"v":[[-36.819,97.859],[-36.132,98.82],[-10.581,98.82],[90.107,-73.494],[90.463,-77.67]]},"ix":2}},{"ty":"fl","bm":0,"cl":"","ln":"","hd":false,"mn":"ADBE Vector Graphic - Fill","nm":"Fill 1","c":{"a":0,"k":[0.702,0.3647,1],"ix":4},"r":1,"o":{"a":0,"k":100,"ix":5}},{"ty":"tr","a":{"a":0,"k":[0,0],"ix":1},"s":{"a":0,"k":[100,100],"ix":3},"sk":{"a":0,"k":0,"ix":4},"p":{"a":0,"k":[281.479,163.347],"ix":2},"r":{"a":0,"k":0,"ix":6},"sa":{"a":0,"k":0,"ix":5},"o":{"a":0,"k":100,"ix":7}}]},{"ty":"gr","bm":0,"cl":"","ln":"","hd":false,"mn":"ADBE Vector Group","nm":"Group 5","ix":5,"cix":2,"np":2,"it":[{"ty":"sh","bm":0,"cl":"","ln":"","hd":false,"mn":"ADBE Vector Shape - Group","nm":"Path 1","ix":1,"d":1,"ks":{"a":0,"k":{"c":true,"i":[[-35.161,-30.412],[0,0],[1.971,13.71]],"o":[[0,0],[-26.799,-35.043],[16.704,19.866]],"v":[[52.051,55.716],[-13.035,55.716],[-52.051,-55.716]]},"ix":2}},{"ty":"fl","bm":0,"cl":"","ln":"","hd":false,"mn":"ADBE Vector Graphic - Fill","nm":"Fill 1","c":{"a":0,"k":[0.3098,0,0.6392],"ix":4},"r":1,"o":{"a":0,"k":100,"ix":5}},{"ty":"tr","a":{"a":0,"k":[0,0],"ix":1},"s":{"a":0,"k":[100,100],"ix":3},"sk":{"a":0,"k":0,"ix":4},"p":{"a":0,"k":[52.669,206.451],"ix":2},"r":{"a":0,"k":0,"ix":6},"sa":{"a":0,"k":0,"ix":5},"o":{"a":0,"k":100,"ix":7}}]},{"ty":"gr","bm":0,"cl":"","ln":"","hd":false,"mn":"ADBE Vector Group","nm":"Group 6","ix":6,"cix":2,"np":2,"it":[{"ty":"sh","bm":0,"cl":"","ln":"","hd":false,"mn":"ADBE Vector Shape - Group","nm":"Path 1","ix":1,"d":1,"ks":{"a":0,"k":{"c":true,"i":[[0,0],[0.236,-0.199],[0,0],[16.704,19.866],[0,0]],"o":[[-0.236,0.207],[0,0],[-35.161,-30.412],[-0.249,-1.748],[187.06,-13.676]],"v":[[38.067,63.284],[37.358,63.904],[10.94,63.904],[-93.162,-47.527],[-93.53,-50.228]]},"ix":2}},{"ty":"fl","bm":0,"cl":"","ln":"","hd":false,"mn":"ADBE Vector Graphic - Fill","nm":"Fill 1","c":{"a":0,"k":[0.702,0.3647,1],"ix":4},"r":1,"o":{"a":0,"k":100,"ix":5}},{"ty":"tr","a":{"a":0,"k":[0,0],"ix":1},"s":{"a":0,"k":[100,100],"ix":3},"sk":{"a":0,"k":0,"ix":4},"p":{"a":0,"k":[93.78,198.262],"ix":2},"r":{"a":0,"k":0,"ix":6},"sa":{"a":0,"k":0,"ix":5},"o":{"a":0,"k":100,"ix":7}}]}],"ind":4},{"ty":4,"nm":"plant/help Outlines","mn":"","sr":1,"st":0,"op":101.000004113814,"ip":0,"hd":false,"cl":"","ln":"","ddd":0,"bm":0,"hasMask":false,"ao":0,"ks":{"a":{"a":0,"k":[79.5,233.5,0],"ix":1},"s":{"a":1,"k":[{"o":{"x":0.333,"y":0},"i":{"x":0.667,"y":1},"s":[0,0,100],"t":0},{"o":{"x":0.333,"y":0},"i":{"x":0.667,"y":1},"s":[110,110,100],"t":34},{"o":{"x":0.167,"y":0.167},"i":{"x":0.833,"y":0.833},"s":[100,100,100],"t":41.0000016699642}],"ix":6},"sk":{"a":0,"k":0},"p":{"a":0,"k":[103,472,0],"ix":2},"sa":{"a":0,"k":0},"o":{"a":0,"k":100,"ix":11},"r":{"a":0,"k":0,"ix":10}},"ef":[],"shapes":[{"ty":"gr","bm":0,"cl":"","ln":"","hd":false,"mn":"ADBE Vector Group","nm":"Group 1","ix":1,"cix":2,"np":2,"it":[{"ty":"sh","bm":0,"cl":"","ln":"","hd":false,"mn":"ADBE Vector Shape - Group","nm":"Path 1","ix":1,"d":1,"ks":{"a":0,"k":{"c":true,"i":[[0,0],[-9.854,7.643],[6.726,-7.032]],"o":[[0,0],[9.854,-7.644],[-6.726,7.032]],"v":[[-3.516,13.758],[-3.516,-6.114],[6.644,6.115]]},"ix":2}},{"ty":"fl","bm":0,"cl":"","ln":"","hd":false,"mn":"ADBE Vector Graphic - Fill","nm":"Fill 1","c":{"a":0,"k":[0.5176,0,1],"ix":4},"r":1,"o":{"a":0,"k":100,"ix":5}},{"ty":"tr","a":{"a":0,"k":[0,0],"ix":1},"s":{"a":1,"k":[{"o":{"x":0.333,"y":0},"i":{"x":0.667,"y":1},"s":[0,0],"t":28},{"o":{"x":0.167,"y":0.167},"i":{"x":0.833,"y":0.833},"s":[100,100],"t":34.0000013848484}],"ix":3},"sk":{"a":0,"k":0,"ix":4},"p":{"a":0,"k":[41.579,14.008],"ix":2},"r":{"a":0,"k":0,"ix":6},"sa":{"a":0,"k":0,"ix":5},"o":{"a":0,"k":100,"ix":7}}]},{"ty":"gr","bm":0,"cl":"","ln":"","hd":false,"mn":"ADBE Vector Group","nm":"Group 2","ix":2,"cix":2,"np":2,"it":[{"ty":"sh","bm":0,"cl":"","ln":"","hd":false,"mn":"ADBE Vector Shape - Group","nm":"Path 1","ix":1,"d":1,"ks":{"a":0,"k":{"c":true,"i":[[2.766,0.033],[3.764,-4.193],[-6.432,-3.493],[-3.834,3.863],[5.731,0.192]],"o":[[0,0],[-3.764,4.194],[6.433,3.492],[3.835,-3.863],[-5.731,-0.191]],"v":[[-0.835,3.342],[-13.981,-4.963],[-9.826,5.663],[10.767,4.386],[12.014,-5.969]]},"ix":2}},{"ty":"fl","bm":0,"cl":"","ln":"","hd":false,"mn":"ADBE Vector Graphic - Fill","nm":"Fill 1","c":{"a":0,"k":[0.5176,0,1],"ix":4},"r":1,"o":{"a":0,"k":100,"ix":5}},{"ty":"tr","a":{"a":0,"k":[0,0],"ix":1},"s":{"a":1,"k":[{"o":{"x":0.333,"y":0},"i":{"x":0.667,"y":1},"s":[0,0],"t":26},{"o":{"x":0.167,"y":0.167},"i":{"x":0.833,"y":0.833},"s":[100,100],"t":32.0000013033867}],"ix":3},"sk":{"a":0,"k":0,"ix":4},"p":{"a":0,"k":[36.015,38.979],"ix":2},"r":{"a":0,"k":0,"ix":6},"sa":{"a":0,"k":0,"ix":5},"o":{"a":0,"k":100,"ix":7}}]},{"ty":"gr","bm":0,"cl":"","ln":"","hd":false,"mn":"ADBE Vector Group","nm":"Group 3","ix":3,"cix":2,"np":2,"it":[{"ty":"sh","bm":0,"cl":"","ln":"","hd":false,"mn":"ADBE Vector Shape - Group","nm":"Path 1","ix":1,"d":1,"ks":{"a":0,"k":{"c":true,"i":[[-3.81,1.057],[1.546,18.343],[2.002,-7.033],[2.751,-0.92],[8.865,-1.604],[-6.424,-3.662]],"o":[[0,0],[-1.546,-18.343],[-2.001,7.034],[-2.751,0.919],[-8.865,1.605],[6.424,3.663]],"v":[[-9.469,22.725],[29.331,-5.439],[9.936,-8.478],[5.195,12.011],[-14.992,3.096],[-24.454,19.376]]},"ix":2}},{"ty":"fl","bm":0,"cl":"","ln":"","hd":false,"mn":"ADBE Vector Graphic - Fill","nm":"Fill 1","c":{"a":0,"k":[0.5176,0,1],"ix":4},"r":1,"o":{"a":0,"k":100,"ix":5}},{"ty":"tr","a":{"a":0,"k":[0,0],"ix":1},"s":{"a":1,"k":[{"o":{"x":0.333,"y":0},"i":{"x":0.667,"y":1},"s":[0,0],"t":23},{"o":{"x":0.167,"y":0.167},"i":{"x":0.833,"y":0.833},"s":[100,100],"t":30.0000012219251}],"ix":3},"sk":{"a":0,"k":0,"ix":4},"p":{"a":0,"k":[55.862,189.948],"ix":2},"r":{"a":0,"k":0,"ix":6},"sa":{"a":0,"k":0,"ix":5},"o":{"a":0,"k":100,"ix":7}}]},{"ty":"gr","bm":0,"cl":"","ln":"","hd":false,"mn":"ADBE Vector Group","nm":"Group 4","ix":4,"cix":2,"np":2,"it":[{"ty":"sh","bm":0,"cl":"","ln":"","hd":false,"mn":"ADBE Vector Shape - Group","nm":"Path 1","ix":1,"d":1,"ks":{"a":0,"k":{"c":true,"i":[[3.447,-0.91],[3.133,-6.413],[-9.272,-2.053],[-3.341,6.034],[7.188,-1.736]],"o":[[0,0],[-3.133,6.413],[9.273,2.053],[3.342,-6.034],[-7.188,1.735]],"v":[[1.395,4.771],[-17.986,-0.849],[-8.919,10.694],[16.188,2.059],[13.93,-11.01]]},"ix":2}},{"ty":"fl","bm":0,"cl":"","ln":"","hd":false,"mn":"ADBE Vector Graphic - Fill","nm":"Fill 1","c":{"a":0,"k":[0.5176,0,1],"ix":4},"r":1,"o":{"a":0,"k":100,"ix":5}},{"ty":"tr","a":{"a":0,"k":[0,0],"ix":1},"s":{"a":1,"k":[{"o":{"x":0.333,"y":0},"i":{"x":0.667,"y":1},"s":[0,0],"t":21},{"o":{"x":0.167,"y":0.167},"i":{"x":0.833,"y":0.833},"s":[100,100],"t":27.0000010997325}],"ix":3},"sk":{"a":0,"k":0,"ix":4},"p":{"a":0,"k":[26.655,66.992],"ix":2},"r":{"a":0,"k":0,"ix":6},"sa":{"a":0,"k":0,"ix":5},"o":{"a":0,"k":100,"ix":7}}]},{"ty":"gr","bm":0,"cl":"","ln":"","hd":false,"mn":"ADBE Vector Group","nm":"Group 5","ix":5,"cix":2,"np":2,"it":[{"ty":"sh","bm":0,"cl":"","ln":"","hd":false,"mn":"ADBE Vector Shape - Group","nm":"Path 1","ix":1,"d":1,"ks":{"a":0,"k":{"c":true,"i":[[-3.954,-0.015],[-3.477,18.076],[3.831,-6.23],[2.897,-0.141],[8.968,0.855],[-5.193,-5.265]],"o":[[0,0],[3.476,-18.077],[-3.831,6.228],[-2.897,0.141],[-8.969,-0.855],[5.192,5.264]],"v":[[-14.871,16.609],[30.106,0.001],[12.256,-8.175],[2.147,10.265],[-14.873,-3.782],[-28.389,9.329]]},"ix":2}},{"ty":"fl","bm":0,"cl":"","ln":"","hd":false,"mn":"ADBE Vector Graphic - Fill","nm":"Fill 1","c":{"a":0,"k":[0.5176,0,1],"ix":4},"r":1,"o":{"a":0,"k":100,"ix":5}},{"ty":"tr","a":{"a":0,"k":[0,0],"ix":1},"s":{"a":1,"k":[{"o":{"x":0.333,"y":0},"i":{"x":0.667,"y":1},"s":[0,0],"t":18},{"o":{"x":0.167,"y":0.167},"i":{"x":0.833,"y":0.833},"s":[100,100],"t":25.0000010182709}],"ix":3},"sk":{"a":0,"k":0,"ix":4},"p":{"a":0,"k":[41.548,135.677],"ix":2},"r":{"a":0,"k":0,"ix":6},"sa":{"a":0,"k":0,"ix":5},"o":{"a":0,"k":100,"ix":7}}]},{"ty":"gr","bm":0,"cl":"","ln":"","hd":false,"mn":"ADBE Vector Group","nm":"Group 6","ix":6,"cix":2,"np":2,"it":[{"ty":"sh","bm":0,"cl":"","ln":"","hd":false,"mn":"ADBE Vector Shape - Group","nm":"Path 1","ix":1,"d":1,"ks":{"a":0,"k":{"c":true,"i":[[-3.811,1.053],[1.528,18.345],[2.008,-7.032],[2.752,-0.917],[8.866,-1.595],[-6.42,-3.669]],"o":[[0,0],[-1.529,-18.344],[-2.008,7.032],[-2.752,0.918],[-8.867,1.597],[6.42,3.669]],"v":[[-9.477,22.709],[29.35,-5.419],[9.958,-8.476],[5.197,12.008],[-14.98,3.075],[-24.458,19.347]]},"ix":2}},{"ty":"fl","bm":0,"cl":"","ln":"","hd":false,"mn":"ADBE Vector Graphic - Fill","nm":"Fill 1","c":{"a":0,"k":[0.5176,0,1],"ix":4},"r":1,"o":{"a":0,"k":100,"ix":5}},{"ty":"tr","a":{"a":0,"k":[0,0],"ix":1},"s":{"a":1,"k":[{"o":{"x":0.333,"y":0},"i":{"x":0.667,"y":1},"s":[0,0],"t":17},{"o":{"x":0.167,"y":0.167},"i":{"x":0.833,"y":0.833},"s":[100,100],"t":22.0000008960784}],"ix":3},"sk":{"a":0,"k":0,"ix":4},"p":{"a":0,"k":[31.128,91.017],"ix":2},"r":{"a":0,"k":0,"ix":6},"sa":{"a":0,"k":0,"ix":5},"o":{"a":0,"k":100,"ix":7}}]},{"ty":"gr","bm":0,"cl":"","ln":"","hd":false,"mn":"ADBE Vector Group","nm":"Group 7","ix":7,"cix":2,"np":2,"it":[{"ty":"sh","bm":0,"cl":"","ln":"","hd":false,"mn":"ADBE Vector Shape - Group","nm":"Path 1","ix":1,"d":1,"ks":{"a":0,"k":{"c":true,"i":[[-4.371,-7.997],[6.474,17.048],[3.849,17.843],[1.05,9.067],[-0.015,9.128],[-1.247,9.038],[-2.721,8.698],[1.231,-9.02],[-0.029,-9.1],[-1.05,-9.04],[-1.863,-8.906],[-6.313,-17.077],[-3.685,-8.329]],"o":[[-8.962,-15.877],[-6.48,-17.054],[-1.844,-8.939],[-1.006,-9.073],[0.064,-9.131],[1.396,-9.023],[-2.565,8.746],[-1.143,9.027],[0.107,9.094],[1.075,9.033],[3.756,17.807],[3.139,8.545],[3.691,8.324]],"v":[[22.13,105.153],[-0.795,55.54],[-16.303,3.093],[-20.635,-23.934],[-22.115,-51.264],[-20.075,-78.547],[-13.828,-105.153],[-19.59,-78.478],[-21.346,-51.262],[-19.73,-24.035],[-15.325,2.888],[-0.078,55.272],[10.173,80.587]]},"ix":2}},{"ty":"fl","bm":0,"cl":"","ln":"","hd":false,"mn":"ADBE Vector Graphic - Fill","nm":"Fill 1","c":{"a":0,"k":[0.1216,0.1255,0.1294],"ix":4},"r":1,"o":{"a":0,"k":100,"ix":5}},{"ty":"tr","a":{"a":0,"k":[0,0],"ix":1},"s":{"a":0,"k":[100,100],"ix":3},"sk":{"a":0,"k":0,"ix":4},"p":{"a":0,"k":[54.102,125.276],"ix":2},"r":{"a":0,"k":0,"ix":6},"sa":{"a":0,"k":0,"ix":5},"o":{"a":0,"k":100,"ix":7}}]}],"ind":5},{"ty":4,"nm":"bg/help Outlines","mn":"","sr":1,"st":0,"op":101.000004113814,"ip":0,"hd":false,"cl":"","ln":"","ddd":0,"bm":0,"hasMask":false,"ao":0,"ks":{"a":{"a":0,"k":[262.5,241,0],"ix":1},"s":{"a":0,"k":[100,100,100],"ix":6},"sk":{"a":0,"k":0},"p":{"a":0,"k":[262,354,0],"ix":2},"sa":{"a":0,"k":0},"o":{"a":0,"k":100,"ix":11},"r":{"a":0,"k":0,"ix":10}},"ef":[],"shapes":[{"ty":"gr","bm":0,"cl":"","ln":"","hd":false,"mn":"ADBE Vector Group","nm":"Shape 1","ix":1,"cix":2,"np":3,"it":[{"ty":"sh","bm":0,"cl":"","ln":"","hd":false,"mn":"ADBE Vector Shape - Group","nm":"Path 1","ix":1,"d":1,"ks":{"a":0,"k":{"c":false,"i":[[0,0]],"o":[[0,0]],"v":[[6.5,300]]},"ix":2}},{"ty":"st","bm":0,"cl":"","ln":"","hd":false,"mn":"ADBE Vector Graphic - Stroke","nm":"Stroke 1","lc":1,"lj":1,"ml":4,"o":{"a":0,"k":100,"ix":4},"w":{"a":0,"k":13,"ix":5},"d":[],"c":{"a":0,"k":[1,1,1],"ix":3}},{"ty":"fl","bm":0,"cl":"","ln":"","hd":false,"mn":"ADBE Vector Graphic - Fill","nm":"Fill 1","c":{"a":0,"k":[0.4863,0,1],"ix":4},"r":1,"o":{"a":0,"k":100,"ix":5}},{"ty":"tr","a":{"a":0,"k":[0,0],"ix":1},"s":{"a":0,"k":[100,100],"ix":3},"sk":{"a":0,"k":0,"ix":4},"p":{"a":0,"k":[0,0],"ix":2},"r":{"a":0,"k":0,"ix":6},"sa":{"a":0,"k":0,"ix":5},"o":{"a":0,"k":100,"ix":7}}]},{"ty":"gr","bm":0,"cl":"","ln":"","hd":false,"mn":"ADBE Vector Group","nm":"Group 1","ix":2,"cix":2,"np":2,"it":[{"ty":"sh","bm":0,"cl":"","ln":"","hd":false,"mn":"ADBE Vector Shape - Group","nm":"Path 1","ix":1,"d":1,"ks":{"a":0,"k":{"c":true,"i":[[11.72,-65.4],[66.71,-41.28],[154.25,1.22],[0,0],[-32.03,0.771],[-7.1,1.33],[-1.67,0.37],[-1.59,0.42],[-2.24,0.72],[-16.85,14.68],[-91.75,-25.16],[-1.84,-0.68],[-1.77,-0.799],[0,0],[0,0],[-0.42,-0.46],[-1.96,-2.409]],"o":[[-5.62,31.34],[0,0],[-91.75,-72.28],[1.25,-45.599],[7.8,-0.189],[1.71,-0.309],[1.62,-0.359],[2.32,-0.609],[26.04,-8.24],[47.71,-41.559],[1.89,0.52],[1.81,0.659],[0,0],[0,0],[0.43,0.451],[2.05,2.21],[55.74,68.631]],"v":[[245.395,103.215],[135.665,240.515],[-155.375,240.515],[-223.875,67.834],[-146.355,-8.596],[-124.005,-10.926],[-118.925,-11.956],[-114.115,-13.126],[-107.285,-15.115],[-43.515,-52.926],[158.195,-215.355],[163.785,-213.565],[169.155,-211.366],[171.725,-209.466],[198.845,-189.426],[200.115,-188.065],[206.135,-181.116]]},"ix":2}},{"ty":"fl","bm":0,"cl":"","ln":"","hd":false,"mn":"ADBE Vector Graphic - Fill","nm":"Fill 1","c":{"a":0,"k":[0.4863,0,1],"ix":4},"r":1,"o":{"a":0,"k":100,"ix":5}},{"ty":"tr","a":{"a":0,"k":[0,0],"ix":1},"s":{"a":0,"k":[100,100],"ix":3},"sk":{"a":0,"k":0,"ix":4},"p":{"a":0,"k":[262.125,240.765],"ix":2},"r":{"a":0,"k":0,"ix":6},"sa":{"a":0,"k":0,"ix":5},"o":{"a":0,"k":100,"ix":7}}]}],"ind":6}],"ddd":0,"h":600,"w":600,"meta":{"a":"","k":"","d":"","g":"LottieFiles AE 1.1.0","tc":"#000000"},"v":"4.8.0","fr":29.9700012207031,"op":100.000004073084,"ip":0,"assets":[]}